timestamp,local_addr,remote_addr,pid,process_name,ai_related,bytes_sent_mb,bytes_recv_mb
2026-03-25T14:42:32.078641,127.0.0.1:58305,127.0.0.1:52640,25836,language_server_windows_x64.exe,False,1760.4,1464.8
2026-03-25T14:42:32.078641,127.0.0.1:56330,127.0.0.1:63406,38616,language_server_windows_x64.exe,False,1760.4,1464.8
2026-03-25T14:42:32.078641,127.0.0.1:63015,127.0.0.1:50619,6316,language_server_windows_x64.exe,False,1760.4,1464.8
2026-03-25T14:42:32.078641,127.0.0.1:51278,127.0.0.1:51277,17236,AvastUI.exe,False,1760.4,1464.8
2026-03-25T14:42:32.078641,2606:4700:110:8f9b:3cb2:e7f1:6960:e40f:61347,2c0f:fb50:4002:808::200a:443,42988,language_server_windows_x64.exe,False,1760.4,1464.8
2026-03-25T14:42:32.078641,2606:4700:110:8f9b:3cb2:e7f1:6960:e40f:52013,2001:4860:4802:36::223:443,18820,language_server_windows_x64.exe,False,1760.4,1464.8
2026-03-25T14:42:32.078641,127.0.0.1:54520,127.0.0.1:64678,43064,Antigravity.exe,False,1760.4,1464.8
2026-03-25T14:42:32.078641,2606:4700:110:8f9b:3cb2:e7f1:6960:e40f:65033,2c0f:fb50:4002:802::200e:443,11892,chrome.exe,False,1760.4,1464.8
2026-03-25T14:42:32.078641,127.0.0.1:55561,127.0.0.1:59967,19644,language_server_windows_x64.exe,False,1760.4,1464.8
2026-03-25T14:42:32.078641,127.0.0.1:9222,127.0.0.1:60211,40012,chrome.exe,False,1760.4,1464.8
2026-03-25T14:42:32.078641,2606:4700:110:8f9b:3cb2:e7f1:6960:e40f:49508,2c0f:fb50:4002:802::200a:443,18820,language_server_windows_x64.exe,False,1760.4,1464.8
2026-03-25T14:42:32.078641,127.0.0.1:49601,127.0.0.1:61919,44564,Antigravity.exe,False,1760.4,1464.8
2026-03-25T14:42:32.078641,127.0.0.1:54530,127.0.0.1:55876,33388,Antigravity.exe,False,1760.4,1464.8
2026-03-25T14:42:32.078641,127.0.0.1:63030,127.0.0.1:57065,18252,Antigravity.exe,False,1760.4,1464.8
2026-03-25T14:42:32.078641,127.0.0.1:50447,127.0.0.1:49467,42996,Antigravity.exe,False,1760.4,1464.8
2026-03-25T14:42:57.927836,127.0.0.1:58305,127.0.0.1:52640,25836,language_server_windows_x64.exe,False,1768.8,1468.5
2026-03-25T14:42:57.927836,127.0.0.1:56330,127.0.0.1:63406,38616,language_server_windows_x64.exe,False,1768.8,1468.5
2026-03-25T14:42:57.927836,127.0.0.1:63015,127.0.0.1:50619,6316,language_server_windows_x64.exe,False,1768.8,1468.5
2026-03-25T14:42:57.927836,::1:80,::1:65518,47268,httpd.exe,False,1768.8,1468.5
2026-03-25T14:42:57.927836,127.0.0.1:51278,127.0.0.1:51277,17236,AvastUI.exe,False,1768.8,1468.5
2026-03-25T14:42:57.927836,2606:4700:110:8f9b:3cb2:e7f1:6960:e40f:61347,2c0f:fb50:4002:808::200a:443,42988,language_server_windows_x64.exe,False,1768.8,1468.5
2026-03-25T14:42:57.927836,2606:4700:110:8f9b:3cb2:e7f1:6960:e40f:52013,2001:4860:4802:36::223:443,18820,language_server_windows_x64.exe,False,1768.8,1468.5
2026-03-25T14:42:57.927836,127.0.0.1:54520,127.0.0.1:64678,43064,Antigravity.exe,False,1768.8,1468.5
2026-03-25T14:42:57.927836,2606:4700:110:8f9b:3cb2:e7f1:6960:e40f:65033,2c0f:fb50:4002:802::200e:443,11892,chrome.exe,False,1768.8,1468.5
2026-03-25T14:42:57.927836,127.0.0.1:55561,127.0.0.1:59967,19644,language_server_windows_x64.exe,False,1768.8,1468.5
2026-03-25T14:42:57.927836,127.0.0.1:9222,127.0.0.1:60211,40012,chrome.exe,False,1768.8,1468.5
2026-03-25T14:42:57.927836,2606:4700:110:8f9b:3cb2:e7f1:6960:e40f:49508,2c0f:fb50:4002:802::200a:443,18820,language_server_windows_x64.exe,False,1768.8,1468.5
2026-03-25T14:42:57.927836,127.0.0.1:49601,127.0.0.1:61919,44564,Antigravity.exe,False,1768.8,1468.5
2026-03-25T14:42:57.927836,127.0.0.1:54530,127.0.0.1:55876,33388,Antigravity.exe,False,1768.8,1468.5
2026-03-25T14:42:57.927836,127.0.0.1:63030,127.0.0.1:57065,18252,Antigravity.exe,False,1768.8,1468.5
2026-03-25T14:43:30.487375,127.0.0.1:58305,127.0.0.1:52640,25836,language_server_windows_x64.exe,False,1774.7,1471.2
2026-03-25T14:43:30.487375,127.0.0.1:56330,127.0.0.1:63406,38616,language_server_windows_x64.exe,False,1774.7,1471.2
2026-03-25T14:43:30.487375,127.0.0.1:63015,127.0.0.1:50619,6316,language_server_windows_x64.exe,False,1774.7,1471.2
2026-03-25T14:43:30.487375,127.0.0.1:51278,127.0.0.1:51277,17236,AvastUI.exe,False,1774.7,1471.2
2026-03-25T14:43:30.487375,2606:4700:110:8f9b:3cb2:e7f1:6960:e40f:61347,2c0f:fb50:4002:808::200a:443,42988,language_server_windows_x64.exe,False,1774.7,1471.2
2026-03-25T14:43:30.487375,2606:4700:110:8f9b:3cb2:e7f1:6960:e40f:52013,2001:4860:4802:36::223:443,18820,language_server_windows_x64.exe,False,1774.7,1471.2
2026-03-25T14:43:30.487375,127.0.0.1:54520,127.0.0.1:64678,43064,Antigravity.exe,False,1774.7,1471.2
2026-03-25T14:43:30.487375,2606:4700:110:8f9b:3cb2:e7f1:6960:e40f:65033,2c0f:fb50:4002:802::200e:443,11892,chrome.exe,False,1774.7,1471.2
2026-03-25T14:43:30.487375,127.0.0.1:55561,127.0.0.1:59967,19644,language_server_windows_x64.exe,False,1774.7,1471.2
2026-03-25T14:43:30.487375,127.0.0.1:9222,127.0.0.1:60211,40012,chrome.exe,False,1774.7,1471.2
2026-03-25T14:43:30.487375,2606:4700:110:8f9b:3cb2:e7f1:6960:e40f:49508,2c0f:fb50:4002:802::200a:443,18820,language_server_windows_x64.exe,False,1774.7,1471.2
2026-03-25T14:43:30.487375,127.0.0.1:49601,127.0.0.1:61919,44564,Antigravity.exe,False,1774.7,1471.2
2026-03-25T14:43:30.487375,127.0.0.1:54530,127.0.0.1:55876,33388,Antigravity.exe,False,1774.7,1471.2
2026-03-25T14:43:30.487375,127.0.0.1:63030,127.0.0.1:57065,18252,Antigravity.exe,False,1774.7,1471.2
2026-03-25T14:43:30.487375,127.0.0.1:50447,127.0.0.1:49467,42996,Antigravity.exe,False,1774.7,1471.2
2026-03-25T14:44:03.025459,127.0.0.1:58305,127.0.0.1:52640,25836,language_server_windows_x64.exe,False,1783.5,1475.7
2026-03-25T14:44:03.025459,127.0.0.1:56330,127.0.0.1:63406,38616,language_server_windows_x64.exe,False,1783.5,1475.7
2026-03-25T14:44:03.025459,127.0.0.1:63015,127.0.0.1:50619,6316,language_server_windows_x64.exe,False,1783.5,1475.7
2026-03-25T14:44:03.025459,127.0.0.1:51278,127.0.0.1:51277,17236,AvastUI.exe,False,1783.5,1475.7
2026-03-25T14:44:03.025459,2606:4700:110:8f9b:3cb2:e7f1:6960:e40f:61347,2c0f:fb50:4002:808::200a:443,42988,language_server_windows_x64.exe,False,1783.5,1475.7
2026-03-25T14:44:03.025459,2606:4700:110:8f9b:3cb2:e7f1:6960:e40f:52013,2001:4860:4802:36::223:443,18820,language_server_windows_x64.exe,False,1783.5,1475.7
2026-03-25T14:44:03.025459,127.0.0.1:54520,127.0.0.1:64678,43064,Antigravity.exe,False,1783.5,1475.7
2026-03-25T14:44:03.025459,2606:4700:110:8f9b:3cb2:e7f1:6960:e40f:65033,2c0f:fb50:4002:802::200e:443,11892,chrome.exe,False,1783.5,1475.7
2026-03-25T14:44:03.025459,127.0.0.1:55561,127.0.0.1:59967,19644,language_server_windows_x64.exe,False,1783.5,1475.7
2026-03-25T14:44:03.025459,127.0.0.1:9222,127.0.0.1:60211,40012,chrome.exe,False,1783.5,1475.7
2026-03-25T14:44:03.025459,2606:4700:110:8f9b:3cb2:e7f1:6960:e40f:49508,2c0f:fb50:4002:802::200a:443,18820,language_server_windows_x64.exe,False,1783.5,1475.7
2026-03-25T14:44:03.025459,127.0.0.1:49601,127.0.0.1:61919,44564,Antigravity.exe,False,1783.5,1475.7
2026-03-25T14:44:03.025459,127.0.0.1:54530,127.0.0.1:55876,33388,Antigravity.exe,False,1783.5,1475.7
2026-03-25T14:44:03.025459,127.0.0.1:63030,127.0.0.1:57065,18252,Antigravity.exe,False,1783.5,1475.7
2026-03-25T14:44:03.025459,127.0.0.1:50447,127.0.0.1:49467,42996,Antigravity.exe,False,1783.5,1475.7
2026-03-25T14:44:34.796189,127.0.0.1:58305,127.0.0.1:52640,25836,language_server_windows_x64.exe,False,1791.2,1479.0
2026-03-25T14:44:34.796189,2606:4700:110:8f9b:3cb2:e7f1:6960:e40f:57146,2a03:2880:f214:d1:face:b00c:0:167:443,8956,msedgewebview2.exe,False,1791.2,1479.0
2026-03-25T14:44:34.796189,127.0.0.1:56330,127.0.0.1:63406,38616,language_server_windows_x64.exe,False,1791.2,1479.0
2026-03-25T14:44:34.796189,127.0.0.1:63015,127.0.0.1:50619,6316,language_server_windows_x64.exe,False,1791.2,1479.0
2026-03-25T14:44:34.796189,127.0.0.1:51278,127.0.0.1:51277,17236,AvastUI.exe,False,1791.2,1479.0
2026-03-25T14:44:34.796189,2606:4700:110:8f9b:3cb2:e7f1:6960:e40f:52013,2001:4860:4802:36::223:443,18820,language_server_windows_x64.exe,False,1791.2,1479.0
2026-03-25T14:44:34.796189,127.0.0.1:54520,127.0.0.1:64678,43064,Antigravity.exe,False,1791.2,1479.0
2026-03-25T14:44:34.796189,2606:4700:110:8f9b:3cb2:e7f1:6960:e40f:65033,2c0f:fb50:4002:802::200e:443,11892,chrome.exe,False,1791.2,1479.0
2026-03-25T14:44:34.796189,127.0.0.1:55561,127.0.0.1:59967,19644,language_server_windows_x64.exe,False,1791.2,1479.0
2026-03-25T14:44:34.796189,127.0.0.1:9222,127.0.0.1:60211,40012,chrome.exe,False,1791.2,1479.0
2026-03-25T14:44:34.796189,2606:4700:110:8f9b:3cb2:e7f1:6960:e40f:49508,2c0f:fb50:4002:802::200a:443,18820,language_server_windows_x64.exe,False,1791.2,1479.0
2026-03-25T14:44:34.796189,127.0.0.1:49601,127.0.0.1:61919,44564,Antigravity.exe,False,1791.2,1479.0
2026-03-25T14:44:34.796189,127.0.0.1:54530,127.0.0.1:55876,33388,Antigravity.exe,False,1791.2,1479.0
2026-03-25T14:44:34.796189,127.0.0.1:63030,127.0.0.1:57065,18252,Antigravity.exe,False,1791.2,1479.0
2026-03-25T14:44:34.796189,127.0.0.1:50447,127.0.0.1:49467,42996,Antigravity.exe,False,1791.2,1479.0
2026-03-25T14:45:06.200334,127.0.0.1:58305,127.0.0.1:52640,25836,language_server_windows_x64.exe,False,1798.6,1482.7
2026-03-25T14:45:06.200334,2606:4700:110:8f9b:3cb2:e7f1:6960:e40f:57146,2a03:2880:f214:d1:face:b00c:0:167:443,8956,msedgewebview2.exe,False,1798.6,1482.7
2026-03-25T14:45:06.200334,127.0.0.1:56330,127.0.0.1:63406,38616,language_server_windows_x64.exe,False,1798.6,1482.7
2026-03-25T14:45:06.200334,127.0.0.1:63015,127.0.0.1:50619,6316,language_server_windows_x64.exe,False,1798.6,1482.7
2026-03-25T14:45:06.200334,127.0.0.1:51278,127.0.0.1:51277,17236,AvastUI.exe,False,1798.6,1482.7
2026-03-25T14:45:06.200334,2606:4700:110:8f9b:3cb2:e7f1:6960:e40f:52013,2001:4860:4802:36::223:443,18820,language_server_windows_x64.exe,False,1798.6,1482.7
2026-03-25T14:45:06.200334,127.0.0.1:54520,127.0.0.1:64678,43064,Antigravity.exe,False,1798.6,1482.7
2026-03-25T14:45:06.200334,2606:4700:110:8f9b:3cb2:e7f1:6960:e40f:65033,2c0f:fb50:4002:802::200e:443,11892,chrome.exe,False,1798.6,1482.7
2026-03-25T14:45:06.200334,127.0.0.1:55561,127.0.0.1:59967,19644,language_server_windows_x64.exe,False,1798.6,1482.7
2026-03-25T14:45:06.200334,127.0.0.1:9222,127.0.0.1:60211,40012,chrome.exe,False,1798.6,1482.7
2026-03-25T14:45:06.200334,2606:4700:110:8f9b:3cb2:e7f1:6960:e40f:49508,2c0f:fb50:4002:802::200a:443,18820,language_server_windows_x64.exe,False,1798.6,1482.7
2026-03-25T14:45:06.200334,127.0.0.1:49601,127.0.0.1:61919,44564,Antigravity.exe,False,1798.6,1482.7
2026-03-25T14:45:06.200334,127.0.0.1:54530,127.0.0.1:55876,33388,Antigravity.exe,False,1798.6,1482.7
2026-03-25T14:45:06.200334,127.0.0.1:63030,127.0.0.1:57065,18252,Antigravity.exe,False,1798.6,1482.7
2026-03-25T14:45:06.200334,127.0.0.1:50447,127.0.0.1:49467,42996,Antigravity.exe,False,1798.6,1482.7
2026-03-25T14:45:39.109386,127.0.0.1:58305,127.0.0.1:52640,25836,language_server_windows_x64.exe,False,1806.1,1485.9
2026-03-25T14:45:39.109386,127.0.0.1:56330,127.0.0.1:63406,38616,language_server_windows_x64.exe,False,1806.1,1485.9
2026-03-25T14:45:39.109386,127.0.0.1:63015,127.0.0.1:50619,6316,language_server_windows_x64.exe,False,1806.1,1485.9
2026-03-25T14:45:39.109386,127.0.0.1:51278,127.0.0.1:51277,17236,AvastUI.exe,False,1806.1,1485.9
2026-03-25T14:45:39.109386,2606:4700:110:8f9b:3cb2:e7f1:6960:e40f:52013,2001:4860:4802:36::223:443,18820,language_server_windows_x64.exe,False,1806.1,1485.9
2026-03-25T14:45:39.109386,127.0.0.1:54520,127.0.0.1:64678,43064,Antigravity.exe,False,1806.1,1485.9
2026-03-25T14:45:39.109386,2606:4700:110:8f9b:3cb2:e7f1:6960:e40f:65033,2c0f:fb50:4002:802::200e:443,11892,chrome.exe,False,1806.1,1485.9
2026-03-25T14:45:39.109386,127.0.0.1:55561,127.0.0.1:59967,19644,language_server_windows_x64.exe,False,1806.1,1485.9
2026-03-25T14:45:39.109386,127.0.0.1:9222,127.0.0.1:60211,40012,chrome.exe,False,1806.1,1485.9
2026-03-25T14:45:39.109386,127.0.0.1:49601,127.0.0.1:61919,44564,Antigravity.exe,False,1806.1,1485.9
2026-03-25T14:45:39.109386,127.0.0.1:54530,127.0.0.1:55876,33388,Antigravity.exe,False,1806.1,1485.9
2026-03-25T14:45:39.109386,127.0.0.1:63030,127.0.0.1:57065,18252,Antigravity.exe,False,1806.1,1485.9
2026-03-25T14:45:39.109386,127.0.0.1:50447,127.0.0.1:49467,42996,Antigravity.exe,False,1806.1,1485.9
2026-03-25T14:45:39.109386,127.0.0.1:49804,127.0.0.1:63043,32732,language_server_windows_x64.exe,False,1806.1,1485.9
2026-03-25T14:45:39.109386,127.0.0.1:53332,127.0.0.1:64118,32400,Antigravity.exe,False,1806.1,1485.9
2026-03-25T14:46:11.590606,127.0.0.1:58305,127.0.0.1:52640,25836,language_server_windows_x64.exe,False,1822.4,1491.4
2026-03-25T14:46:11.590606,127.0.0.1:56330,127.0.0.1:63406,38616,language_server_windows_x64.exe,False,1822.4,1491.4
2026-03-25T14:46:11.590606,127.0.0.1:63015,127.0.0.1:50619,6316,language_server_windows_x64.exe,False,1822.4,1491.4
2026-03-25T14:46:11.590606,2606:4700:110:8f9b:3cb2:e7f1:6960:e40f:59500,2c0f:fb50:4002:800::200a:443,42988,language_server_windows_x64.exe,False,1822.4,1491.4
2026-03-25T14:46:11.590606,127.0.0.1:51278,127.0.0.1:51277,17236,AvastUI.exe,False,1822.4,1491.4
2026-03-25T14:46:11.590606,2606:4700:110:8f9b:3cb2:e7f1:6960:e40f:52013,2001:4860:4802:36::223:443,18820,language_server_windows_x64.exe,False,1822.4,1491.4
2026-03-25T14:46:11.590606,127.0.0.1:54520,127.0.0.1:64678,43064,Antigravity.exe,False,1822.4,1491.4
2026-03-25T14:46:11.590606,2606:4700:110:8f9b:3cb2:e7f1:6960:e40f:65033,2c0f:fb50:4002:802::200e:443,11892,chrome.exe,False,1822.4,1491.4
2026-03-25T14:46:11.590606,127.0.0.1:55561,127.0.0.1:59967,19644,language_server_windows_x64.exe,False,1822.4,1491.4
2026-03-25T14:46:11.590606,127.0.0.1:9222,127.0.0.1:60211,40012,chrome.exe,False,1822.4,1491.4
2026-03-25T14:46:11.590606,127.0.0.1:49601,127.0.0.1:61919,44564,Antigravity.exe,False,1822.4,1491.4
2026-03-25T14:46:11.590606,127.0.0.1:54530,127.0.0.1:55876,33388,Antigravity.exe,False,1822.4,1491.4
2026-03-25T14:46:11.590606,127.0.0.1:63030,127.0.0.1:57065,18252,Antigravity.exe,False,1822.4,1491.4
2026-03-25T14:46:11.590606,127.0.0.1:50447,127.0.0.1:49467,42996,Antigravity.exe,False,1822.4,1491.4
2026-03-25T14:46:11.590606,127.0.0.1:49804,127.0.0.1:63043,32732,language_server_windows_x64.exe,False,1822.4,1491.4
2026-03-25T14:46:43.931425,127.0.0.1:58305,127.0.0.1:52640,25836,language_server_windows_x64.exe,False,1830.7,1494.9
2026-03-25T14:46:43.931425,127.0.0.1:56330,127.0.0.1:63406,38616,language_server_windows_x64.exe,False,1830.7,1494.9
2026-03-25T14:46:43.931425,2606:4700:110:8f9b:3cb2:e7f1:6960:e40f:59112,2606:4700:20::681a:750:443,24388,python.exe,True,1830.7,1494.9
2026-03-25T14:46:43.931425,127.0.0.1:63015,127.0.0.1:50619,6316,language_server_windows_x64.exe,False,1830.7,1494.9
2026-03-25T14:46:43.931425,2606:4700:110:8f9b:3cb2:e7f1:6960:e40f:59500,2c0f:fb50:4002:800::200a:443,42988,language_server_windows_x64.exe,False,1830.7,1494.9
2026-03-25T14:46:43.931425,2606:4700:110:8f9b:3cb2:e7f1:6960:e40f:53637,2a00:1450:4001:c21::54:443,8452,chrome.exe,False,1830.7,1494.9
2026-03-25T14:46:43.931425,2606:4700:110:8f9b:3cb2:e7f1:6960:e40f:59083,2606:4700:20::681a:650:443,24388,python.exe,True,1830.7,1494.9
2026-03-25T14:46:43.931425,127.0.0.1:51278,127.0.0.1:51277,17236,AvastUI.exe,False,1830.7,1494.9
2026-03-25T14:46:43.931425,2606:4700:110:8f9b:3cb2:e7f1:6960:e40f:52013,2001:4860:4802:36::223:443,18820,language_server_windows_x64.exe,False,1830.7,1494.9
2026-03-25T14:46:43.931425,127.0.0.1:54520,127.0.0.1:64678,43064,Antigravity.exe,False,1830.7,1494.9
2026-03-25T14:46:43.931425,2606:4700:110:8f9b:3cb2:e7f1:6960:e40f:65033,2c0f:fb50:4002:802::200e:443,11892,chrome.exe,False,1830.7,1494.9
2026-03-25T14:46:43.931425,127.0.0.1:55561,127.0.0.1:59967,19644,language_server_windows_x64.exe,False,1830.7,1494.9
2026-03-25T14:46:43.931425,127.0.0.1:9222,127.0.0.1:60211,40012,chrome.exe,False,1830.7,1494.9
2026-03-25T14:46:43.931425,172.16.0.2:59111,104.26.6.80:443,24388,python.exe,True,1830.7,1494.9
2026-03-25T14:46:43.931425,127.0.0.1:49601,127.0.0.1:61919,44564,Antigravity.exe,False,1830.7,1494.9
2026-03-25T14:47:14.399418,127.0.0.1:58305,127.0.0.1:52640,25836,language_server_windows_x64.exe,False,1842.5,1497.2
2026-03-25T14:47:14.399418,127.0.0.1:56330,127.0.0.1:63406,38616,language_server_windows_x64.exe,False,1842.5,1497.2
2026-03-25T14:47:14.399418,2606:4700:110:8f9b:3cb2:e7f1:6960:e40f:59112,2606:4700:20::681a:750:443,24388,python.exe,True,1842.5,1497.2
2026-03-25T14:47:14.399418,127.0.0.1:63015,127.0.0.1:50619,6316,language_server_windows_x64.exe,False,1842.5,1497.2
2026-03-25T14:47:14.399418,2606:4700:110:8f9b:3cb2:e7f1:6960:e40f:59500,2c0f:fb50:4002:800::200a:443,42988,language_server_windows_x64.exe,False,1842.5,1497.2
2026-03-25T14:47:14.399418,2606:4700:110:8f9b:3cb2:e7f1:6960:e40f:53637,2a00:1450:4001:c21::54:443,8452,chrome.exe,False,1842.5,1497.2
2026-03-25T14:47:14.399418,2606:4700:110:8f9b:3cb2:e7f1:6960:e40f:59083,2606:4700:20::681a:650:443,24388,python.exe,True,1842.5,1497.2
2026-03-25T14:47:14.399418,127.0.0.1:51278,127.0.0.1:51277,17236,AvastUI.exe,False,1842.5,1497.2
2026-03-25T14:47:14.399418,2606:4700:110:8f9b:3cb2:e7f1:6960:e40f:52013,2001:4860:4802:36::223:443,18820,language_server_windows_x64.exe,False,1842.5,1497.2
2026-03-25T14:47:14.399418,127.0.0.1:54520,127.0.0.1:64678,43064,Antigravity.exe,False,1842.5,1497.2
2026-03-25T14:47:14.399418,2606:4700:110:8f9b:3cb2:e7f1:6960:e40f:65033,2c0f:fb50:4002:802::200e:443,11892,chrome.exe,False,1842.5,1497.2
2026-03-25T14:47:14.399418,127.0.0.1:55561,127.0.0.1:59967,19644,language_server_windows_x64.exe,False,1842.5,1497.2
2026-03-25T14:47:14.399418,127.0.0.1:9222,127.0.0.1:60211,40012,chrome.exe,False,1842.5,1497.2
2026-03-25T14:47:14.399418,172.16.0.2:59111,104.26.6.80:443,24388,python.exe,True,1842.5,1497.2
2026-03-25T14:47:14.399418,127.0.0.1:49601,127.0.0.1:61919,44564,Antigravity.exe,False,1842.5,1497.2
2026-03-25T14:47:44.019114,127.0.0.1:58305,127.0.0.1:52640,25836,language_server_windows_x64.exe,False,1849.5,1498.9
2026-03-25T14:47:44.019114,127.0.0.1:56330,127.0.0.1:63406,38616,language_server_windows_x64.exe,False,1849.5,1498.9
2026-03-25T14:47:44.019114,2606:4700:110:8f9b:3cb2:e7f1:6960:e40f:59112,2606:4700:20::681a:750:443,24388,python.exe,True,1849.5,1498.9
2026-03-25T14:47:44.019114,127.0.0.1:63015,127.0.0.1:50619,6316,language_server_windows_x64.exe,False,1849.5,1498.9
2026-03-25T14:47:44.019114,2606:4700:110:8f9b:3cb2:e7f1:6960:e40f:59500,2c0f:fb50:4002:800::200a:443,42988,language_server_windows_x64.exe,False,1849.5,1498.9
2026-03-25T14:47:44.019114,2606:4700:110:8f9b:3cb2:e7f1:6960:e40f:53637,2a00:1450:4001:c21::54:443,8452,chrome.exe,False,1849.5,1498.9
2026-03-25T14:47:44.019114,2606:4700:110:8f9b:3cb2:e7f1:6960:e40f:59083,2606:4700:20::681a:650:443,24388,python.exe,True,1849.5,1498.9
2026-03-25T14:47:44.019114,127.0.0.1:51278,127.0.0.1:51277,17236,AvastUI.exe,False,1849.5,1498.9
2026-03-25T14:47:44.019114,2606:4700:110:8f9b:3cb2:e7f1:6960:e40f:52013,2001:4860:4802:36::223:443,18820,language_server_windows_x64.exe,False,1849.5,1498.9
2026-03-25T14:47:44.019114,127.0.0.1:54520,127.0.0.1:64678,43064,Antigravity.exe,False,1849.5,1498.9
2026-03-25T14:47:44.019114,2606:4700:110:8f9b:3cb2:e7f1:6960:e40f:65033,2c0f:fb50:4002:802::200e:443,11892,chrome.exe,False,1849.5,1498.9
2026-03-25T14:47:44.019114,127.0.0.1:55561,127.0.0.1:59967,19644,language_server_windows_x64.exe,False,1849.5,1498.9
2026-03-25T14:47:44.019114,127.0.0.1:9222,127.0.0.1:60211,40012,chrome.exe,False,1849.5,1498.9
2026-03-25T14:47:44.019114,172.16.0.2:59111,104.26.6.80:443,24388,python.exe,True,1849.5,1498.9
2026-03-25T14:47:44.019114,127.0.0.1:49601,127.0.0.1:61919,44564,Antigravity.exe,False,1849.5,1498.9
2026-03-25T14:48:13.701782,127.0.0.1:58305,127.0.0.1:52640,25836,language_server_windows_x64.exe,False,1857.8,1501.6
2026-03-25T14:48:13.701782,127.0.0.1:56330,127.0.0.1:63406,38616,language_server_windows_x64.exe,False,1857.8,1501.6
2026-03-25T14:48:13.701782,2606:4700:110:8f9b:3cb2:e7f1:6960:e40f:59112,2606:4700:20::681a:750:443,24388,python.exe,True,1857.8,1501.6
2026-03-25T14:48:13.701782,127.0.0.1:63015,127.0.0.1:50619,6316,language_server_windows_x64.exe,False,1857.8,1501.6
2026-03-25T14:48:13.701782,2606:4700:110:8f9b:3cb2:e7f1:6960:e40f:59500,2c0f:fb50:4002:800::200a:443,42988,language_server_windows_x64.exe,False,1857.8,1501.6
2026-03-25T14:48:13.701782,2606:4700:110:8f9b:3cb2:e7f1:6960:e40f:53637,2a00:1450:4001:c21::54:443,8452,chrome.exe,False,1857.8,1501.6
2026-03-25T14:48:13.701782,2606:4700:110:8f9b:3cb2:e7f1:6960:e40f:59083,2606:4700:20::681a:650:443,24388,python.exe,True,1857.8,1501.6
2026-03-25T14:48:13.701782,127.0.0.1:51278,127.0.0.1:51277,17236,AvastUI.exe,False,1857.8,1501.6
2026-03-25T14:48:13.701782,2606:4700:110:8f9b:3cb2:e7f1:6960:e40f:52013,2001:4860:4802:36::223:443,18820,language_server_windows_x64.exe,False,1857.8,1501.6
2026-03-25T14:48:13.701782,127.0.0.1:54520,127.0.0.1:64678,43064,Antigravity.exe,False,1857.8,1501.6
2026-03-25T14:48:13.701782,2606:4700:110:8f9b:3cb2:e7f1:6960:e40f:60920,2606:4700:20::681a:750:443,27112,python.exe,True,1857.8,1501.6
2026-03-25T14:48:13.701782,2606:4700:110:8f9b:3cb2:e7f1:6960:e40f:65033,2c0f:fb50:4002:802::200e:443,11892,chrome.exe,False,1857.8,1501.6
2026-03-25T14:48:13.701782,127.0.0.1:55561,127.0.0.1:59967,19644,language_server_windows_x64.exe,False,1857.8,1501.6
2026-03-25T14:48:13.701782,127.0.0.1:9222,127.0.0.1:60211,40012,chrome.exe,False,1857.8,1501.6
2026-03-25T14:48:13.701782,172.16.0.2:59111,104.26.6.80:443,24388,python.exe,True,1857.8,1501.6
2026-03-25T14:48:43.941471,127.0.0.1:58305,127.0.0.1:52640,25836,language_server_windows_x64.exe,False,1866.8,1516.1
2026-03-25T14:48:43.941471,127.0.0.1:56330,127.0.0.1:63406,38616,language_server_windows_x64.exe,False,1866.8,1516.1
2026-03-25T14:48:43.941471,2606:4700:110:8f9b:3cb2:e7f1:6960:e40f:59112,2606:4700:20::681a:750:443,24388,python.exe,True,1866.8,1516.1
2026-03-25T14:48:43.941471,127.0.0.1:63015,127.0.0.1:50619,6316,language_server_windows_x64.exe,False,1866.8,1516.1
2026-03-25T14:48:43.941471,2606:4700:110:8f9b:3cb2:e7f1:6960:e40f:59500,2c0f:fb50:4002:800::200a:443,42988,language_server_windows_x64.exe,False,1866.8,1516.1
2026-03-25T14:48:43.941471,2606:4700:110:8f9b:3cb2:e7f1:6960:e40f:53637,2a00:1450:4001:c21::54:443,8452,chrome.exe,False,1866.8,1516.1
2026-03-25T14:48:43.941471,2606:4700:110:8f9b:3cb2:e7f1:6960:e40f:59083,2606:4700:20::681a:650:443,24388,python.exe,True,1866.8,1516.1
2026-03-25T14:48:43.941471,127.0.0.1:51278,127.0.0.1:51277,17236,AvastUI.exe,False,1866.8,1516.1
2026-03-25T14:48:43.941471,2606:4700:110:8f9b:3cb2:e7f1:6960:e40f:55983,2c0f:fb50:4002:807::200a:443,52892,language_server_windows_x64.exe,False,1866.8,1516.1
2026-03-25T14:48:43.941471,2606:4700:110:8f9b:3cb2:e7f1:6960:e40f:52013,2001:4860:4802:36::223:443,18820,language_server_windows_x64.exe,False,1866.8,1516.1
2026-03-25T14:48:43.941471,127.0.0.1:54520,127.0.0.1:64678,43064,Antigravity.exe,False,1866.8,1516.1
2026-03-25T14:48:43.941471,2606:4700:110:8f9b:3cb2:e7f1:6960:e40f:65033,2c0f:fb50:4002:802::200e:443,11892,chrome.exe,False,1866.8,1516.1
2026-03-25T14:48:43.941471,127.0.0.1:55561,127.0.0.1:59967,19644,language_server_windows_x64.exe,False,1866.8,1516.1
2026-03-25T14:48:43.941471,127.0.0.1:9222,127.0.0.1:60211,40012,chrome.exe,False,1866.8,1516.1
2026-03-25T14:48:43.941471,172.16.0.2:59111,104.26.6.80:443,24388,python.exe,True,1866.8,1516.1
2026-03-25T14:49:13.017116,127.0.0.1:58305,127.0.0.1:52640,25836,language_server_windows_x64.exe,False,1875.5,1521.6
2026-03-25T14:49:13.017116,127.0.0.1:56330,127.0.0.1:63406,38616,language_server_windows_x64.exe,False,1875.5,1521.6
2026-03-25T14:49:13.017116,2606:4700:110:8f9b:3cb2:e7f1:6960:e40f:59112,2606:4700:20::681a:750:443,24388,python.exe,True,1875.5,1521.6
2026-03-25T14:49:13.017116,127.0.0.1:63015,127.0.0.1:50619,6316,language_server_windows_x64.exe,False,1875.5,1521.6
2026-03-25T14:49:13.017116,2606:4700:110:8f9b:3cb2:e7f1:6960:e40f:59500,2c0f:fb50:4002:800::200a:443,42988,language_server_windows_x64.exe,False,1875.5,1521.6
2026-03-25T14:49:13.017116,2606:4700:110:8f9b:3cb2:e7f1:6960:e40f:53637,2a00:1450:4001:c21::54:443,8452,chrome.exe,False,1875.5,1521.6
2026-03-25T14:49:13.017116,2606:4700:110:8f9b:3cb2:e7f1:6960:e40f:59083,2606:4700:20::681a:650:443,24388,python.exe,True,1875.5,1521.6
2026-03-25T14:49:13.017116,127.0.0.1:51278,127.0.0.1:51277,17236,AvastUI.exe,False,1875.5,1521.6
2026-03-25T14:49:13.017116,2606:4700:110:8f9b:3cb2:e7f1:6960:e40f:55983,2c0f:fb50:4002:807::200a:443,52892,language_server_windows_x64.exe,False,1875.5,1521.6
2026-03-25T14:49:13.017116,2606:4700:110:8f9b:3cb2:e7f1:6960:e40f:52013,2001:4860:4802:36::223:443,18820,language_server_windows_x64.exe,False,1875.5,1521.6
2026-03-25T14:49:13.017116,127.0.0.1:54520,127.0.0.1:64678,43064,Antigravity.exe,False,1875.5,1521.6
2026-03-25T14:49:13.017116,2606:4700:110:8f9b:3cb2:e7f1:6960:e40f:65033,2c0f:fb50:4002:802::200e:443,11892,chrome.exe,False,1875.5,1521.6
2026-03-25T14:49:13.017116,127.0.0.1:55561,127.0.0.1:59967,19644,language_server_windows_x64.exe,False,1875.5,1521.6
2026-03-25T14:49:13.017116,127.0.0.1:9222,127.0.0.1:60211,40012,chrome.exe,False,1875.5,1521.6
2026-03-25T14:49:13.017116,172.16.0.2:59111,104.26.6.80:443,24388,python.exe,True,1875.5,1521.6
2026-03-25T14:49:43.093272,127.0.0.1:58305,127.0.0.1:52640,25836,language_server_windows_x64.exe,False,1884.1,1535.6
2026-03-25T14:49:43.093272,127.0.0.1:56330,127.0.0.1:63406,38616,language_server_windows_x64.exe,False,1884.1,1535.6
2026-03-25T14:49:43.093272,2606:4700:110:8f9b:3cb2:e7f1:6960:e40f:59112,2606:4700:20::681a:750:443,24388,python.exe,True,1884.1,1535.6
2026-03-25T14:49:43.093272,127.0.0.1:63015,127.0.0.1:50619,6316,language_server_windows_x64.exe,False,1884.1,1535.6
2026-03-25T14:49:43.093272,2606:4700:110:8f9b:3cb2:e7f1:6960:e40f:59500,2c0f:fb50:4002:800::200a:443,42988,language_server_windows_x64.exe,False,1884.1,1535.6
2026-03-25T14:49:43.093272,2606:4700:110:8f9b:3cb2:e7f1:6960:e40f:53637,2a00:1450:4001:c21::54:443,8452,chrome.exe,False,1884.1,1535.6
2026-03-25T14:49:43.093272,2606:4700:110:8f9b:3cb2:e7f1:6960:e40f:59083,2606:4700:20::681a:650:443,24388,python.exe,True,1884.1,1535.6
2026-03-25T14:49:43.093272,127.0.0.1:51278,127.0.0.1:51277,17236,AvastUI.exe,False,1884.1,1535.6
2026-03-25T14:49:43.093272,2606:4700:110:8f9b:3cb2:e7f1:6960:e40f:55983,2c0f:fb50:4002:807::200a:443,52892,language_server_windows_x64.exe,False,1884.1,1535.6
2026-03-25T14:49:43.093272,2606:4700:110:8f9b:3cb2:e7f1:6960:e40f:52013,2001:4860:4802:36::223:443,18820,language_server_windows_x64.exe,False,1884.1,1535.6
2026-03-25T14:49:43.093272,127.0.0.1:54520,127.0.0.1:64678,43064,Antigravity.exe,False,1884.1,1535.6
2026-03-25T14:49:43.093272,2606:4700:110:8f9b:3cb2:e7f1:6960:e40f:65033,2c0f:fb50:4002:802::200e:443,11892,chrome.exe,False,1884.1,1535.6
2026-03-25T14:49:43.093272,127.0.0.1:55561,127.0.0.1:59967,19644,language_server_windows_x64.exe,False,1884.1,1535.6
2026-03-25T14:49:43.093272,127.0.0.1:9222,127.0.0.1:60211,40012,chrome.exe,False,1884.1,1535.6
2026-03-25T14:49:43.093272,172.16.0.2:59111,104.26.6.80:443,24388,python.exe,True,1884.1,1535.6
2026-03-25T14:50:13.018502,127.0.0.1:58305,127.0.0.1:52640,25836,language_server_windows_x64.exe,False,1891.1,1540.7
2026-03-25T14:50:13.018502,127.0.0.1:56330,127.0.0.1:63406,38616,language_server_windows_x64.exe,False,1891.1,1540.7
2026-03-25T14:50:13.018502,2606:4700:110:8f9b:3cb2:e7f1:6960:e40f:59112,2606:4700:20::681a:750:443,24388,python.exe,True,1891.1,1540.7
2026-03-25T14:50:13.018502,127.0.0.1:63015,127.0.0.1:50619,6316,language_server_windows_x64.exe,False,1891.1,1540.7
2026-03-25T14:50:13.018502,2606:4700:110:8f9b:3cb2:e7f1:6960:e40f:53637,2a00:1450:4001:c21::54:443,8452,chrome.exe,False,1891.1,1540.7
2026-03-25T14:50:13.018502,2606:4700:110:8f9b:3cb2:e7f1:6960:e40f:59083,2606:4700:20::681a:650:443,24388,python.exe,True,1891.1,1540.7
2026-03-25T14:50:13.018502,127.0.0.1:51278,127.0.0.1:51277,17236,AvastUI.exe,False,1891.1,1540.7
2026-03-25T14:50:13.018502,2606:4700:110:8f9b:3cb2:e7f1:6960:e40f:55983,2c0f:fb50:4002:807::200a:443,52892,language_server_windows_x64.exe,False,1891.1,1540.7
2026-03-25T14:50:13.018502,2606:4700:110:8f9b:3cb2:e7f1:6960:e40f:52013,2001:4860:4802:36::223:443,18820,language_server_windows_x64.exe,False,1891.1,1540.7
2026-03-25T14:50:13.018502,127.0.0.1:54520,127.0.0.1:64678,43064,Antigravity.exe,False,1891.1,1540.7
2026-03-25T14:50:13.018502,2606:4700:110:8f9b:3cb2:e7f1:6960:e40f:65033,2c0f:fb50:4002:802::200e:443,11892,chrome.exe,False,1891.1,1540.7
2026-03-25T14:50:13.018502,127.0.0.1:55561,127.0.0.1:59967,19644,language_server_windows_x64.exe,False,1891.1,1540.7
2026-03-25T14:50:13.018502,127.0.0.1:9222,127.0.0.1:60211,40012,chrome.exe,False,1891.1,1540.7
2026-03-25T14:50:13.018502,172.16.0.2:59111,104.26.6.80:443,24388,python.exe,True,1891.1,1540.7
2026-03-25T14:50:13.018502,127.0.0.1:49601,127.0.0.1:61919,44564,Antigravity.exe,False,1891.1,1540.7
2026-03-25T14:50:43.411670,127.0.0.1:58305,127.0.0.1:52640,25836,language_server_windows_x64.exe,False,1900.0,1555.1
2026-03-25T14:50:43.411670,127.0.0.1:56330,127.0.0.1:63406,38616,language_server_windows_x64.exe,False,1900.0,1555.1
2026-03-25T14:50:43.411670,2606:4700:110:8f9b:3cb2:e7f1:6960:e40f:59112,2606:4700:20::681a:750:443,24388,python.exe,True,1900.0,1555.1
2026-03-25T14:50:43.411670,127.0.0.1:63015,127.0.0.1:50619,6316,language_server_windows_x64.exe,False,1900.0,1555.1
2026-03-25T14:50:43.411670,2606:4700:110:8f9b:3cb2:e7f1:6960:e40f:59083,2606:4700:20::681a:650:443,24388,python.exe,True,1900.0,1555.1
2026-03-25T14:50:43.411670,127.0.0.1:51278,127.0.0.1:51277,17236,AvastUI.exe,False,1900.0,1555.1
2026-03-25T14:50:43.411670,2606:4700:110:8f9b:3cb2:e7f1:6960:e40f:55983,2c0f:fb50:4002:807::200a:443,52892,language_server_windows_x64.exe,False,1900.0,1555.1
2026-03-25T14:50:43.411670,2606:4700:110:8f9b:3cb2:e7f1:6960:e40f:52013,2001:4860:4802:36::223:443,18820,language_server_windows_x64.exe,False,1900.0,1555.1
2026-03-25T14:50:43.411670,127.0.0.1:54520,127.0.0.1:64678,43064,Antigravity.exe,False,1900.0,1555.1
2026-03-25T14:50:43.411670,2606:4700:110:8f9b:3cb2:e7f1:6960:e40f:65033,2c0f:fb50:4002:802::200e:443,11892,chrome.exe,False,1900.0,1555.1
2026-03-25T14:50:43.411670,127.0.0.1:55561,127.0.0.1:59967,19644,language_server_windows_x64.exe,False,1900.0,1555.1
2026-03-25T14:50:43.411670,127.0.0.1:9222,127.0.0.1:60211,40012,chrome.exe,False,1900.0,1555.1
2026-03-25T14:50:43.411670,172.16.0.2:59111,104.26.6.80:443,24388,python.exe,True,1900.0,1555.1
2026-03-25T14:50:43.411670,127.0.0.1:49601,127.0.0.1:61919,44564,Antigravity.exe,False,1900.0,1555.1
2026-03-25T14:50:43.411670,127.0.0.1:54530,127.0.0.1:55876,33388,Antigravity.exe,False,1900.0,1555.1
2026-03-25T14:51:13.142678,127.0.0.1:58305,127.0.0.1:52640,25836,language_server_windows_x64.exe,False,1904.9,1559.9
2026-03-25T14:51:13.142678,127.0.0.1:56330,127.0.0.1:63406,38616,language_server_windows_x64.exe,False,1904.9,1559.9
2026-03-25T14:51:13.142678,2606:4700:110:8f9b:3cb2:e7f1:6960:e40f:59112,2606:4700:20::681a:750:443,24388,python.exe,True,1904.9,1559.9
2026-03-25T14:51:13.142678,127.0.0.1:63015,127.0.0.1:50619,6316,language_server_windows_x64.exe,False,1904.9,1559.9
2026-03-25T14:51:13.142678,2606:4700:110:8f9b:3cb2:e7f1:6960:e40f:59083,2606:4700:20::681a:650:443,24388,python.exe,True,1904.9,1559.9
2026-03-25T14:51:13.142678,127.0.0.1:51278,127.0.0.1:51277,17236,AvastUI.exe,False,1904.9,1559.9
2026-03-25T14:51:13.142678,2606:4700:110:8f9b:3cb2:e7f1:6960:e40f:55983,2c0f:fb50:4002:807::200a:443,52892,language_server_windows_x64.exe,False,1904.9,1559.9
2026-03-25T14:51:13.142678,2606:4700:110:8f9b:3cb2:e7f1:6960:e40f:52013,2001:4860:4802:36::223:443,18820,language_server_windows_x64.exe,False,1904.9,1559.9
2026-03-25T14:51:13.142678,127.0.0.1:54520,127.0.0.1:64678,43064,Antigravity.exe,False,1904.9,1559.9
2026-03-25T14:51:13.142678,2606:4700:110:8f9b:3cb2:e7f1:6960:e40f:65033,2c0f:fb50:4002:802::200e:443,11892,chrome.exe,False,1904.9,1559.9
2026-03-25T14:51:13.142678,127.0.0.1:55561,127.0.0.1:59967,19644,language_server_windows_x64.exe,False,1904.9,1559.9
2026-03-25T14:51:13.142678,127.0.0.1:9222,127.0.0.1:60211,40012,chrome.exe,False,1904.9,1559.9
2026-03-25T14:51:13.142678,172.16.0.2:59111,104.26.6.80:443,24388,python.exe,True,1904.9,1559.9
2026-03-25T14:51:13.142678,127.0.0.1:49601,127.0.0.1:61919,44564,Antigravity.exe,False,1904.9,1559.9
2026-03-25T14:51:13.142678,127.0.0.1:54530,127.0.0.1:55876,33388,Antigravity.exe,False,1904.9,1559.9
2026-03-25T14:51:42.155825,127.0.0.1:58305,127.0.0.1:52640,25836,language_server_windows_x64.exe,False,1912.4,1560.8
2026-03-25T14:51:42.155825,127.0.0.1:56330,127.0.0.1:63406,38616,language_server_windows_x64.exe,False,1912.4,1560.8
2026-03-25T14:51:42.155825,2606:4700:110:8f9b:3cb2:e7f1:6960:e40f:59112,2606:4700:20::681a:750:443,24388,python.exe,True,1912.4,1560.8
2026-03-25T14:51:42.155825,127.0.0.1:63015,127.0.0.1:50619,6316,language_server_windows_x64.exe,False,1912.4,1560.8
2026-03-25T14:51:42.155825,2606:4700:110:8f9b:3cb2:e7f1:6960:e40f:59083,2606:4700:20::681a:650:443,24388,python.exe,True,1912.4,1560.8
2026-03-25T14:51:42.155825,127.0.0.1:51278,127.0.0.1:51277,17236,AvastUI.exe,False,1912.4,1560.8
2026-03-25T14:51:42.155825,2606:4700:110:8f9b:3cb2:e7f1:6960:e40f:55983,2c0f:fb50:4002:807::200a:443,52892,language_server_windows_x64.exe,False,1912.4,1560.8
2026-03-25T14:51:42.155825,2606:4700:110:8f9b:3cb2:e7f1:6960:e40f:52013,2001:4860:4802:36::223:443,18820,language_server_windows_x64.exe,False,1912.4,1560.8
2026-03-25T14:51:42.155825,127.0.0.1:54520,127.0.0.1:64678,43064,Antigravity.exe,False,1912.4,1560.8
2026-03-25T14:51:42.155825,2606:4700:110:8f9b:3cb2:e7f1:6960:e40f:65033,2c0f:fb50:4002:802::200e:443,11892,chrome.exe,False,1912.4,1560.8
2026-03-25T14:51:42.155825,127.0.0.1:55561,127.0.0.1:59967,19644,language_server_windows_x64.exe,False,1912.4,1560.8
2026-03-25T14:51:42.155825,127.0.0.1:9222,127.0.0.1:60211,40012,chrome.exe,False,1912.4,1560.8
2026-03-25T14:51:42.155825,172.16.0.2:59111,104.26.6.80:443,24388,python.exe,True,1912.4,1560.8
2026-03-25T14:51:42.155825,127.0.0.1:49601,127.0.0.1:61919,44564,Antigravity.exe,False,1912.4,1560.8
2026-03-25T14:51:42.155825,127.0.0.1:54530,127.0.0.1:55876,33388,Antigravity.exe,False,1912.4,1560.8
2026-03-25T14:52:12.775151,127.0.0.1:58305,127.0.0.1:52640,25836,language_server_windows_x64.exe,False,1919.7,1593.1
2026-03-25T14:52:12.775151,127.0.0.1:56330,127.0.0.1:63406,38616,language_server_windows_x64.exe,False,1919.7,1593.1
2026-03-25T14:52:12.775151,2606:4700:110:8f9b:3cb2:e7f1:6960:e40f:59112,2606:4700:20::681a:750:443,24388,python.exe,True,1919.7,1593.1
2026-03-25T14:52:12.775151,127.0.0.1:63015,127.0.0.1:50619,6316,language_server_windows_x64.exe,False,1919.7,1593.1
2026-03-25T14:52:12.775151,2606:4700:110:8f9b:3cb2:e7f1:6960:e40f:58080,2001:1890:1d02:8c00::d:443,11892,chrome.exe,False,1919.7,1593.1
2026-03-25T14:52:12.775151,2606:4700:110:8f9b:3cb2:e7f1:6960:e40f:59083,2606:4700:20::681a:650:443,24388,python.exe,True,1919.7,1593.1
2026-03-25T14:52:12.775151,127.0.0.1:51278,127.0.0.1:51277,17236,AvastUI.exe,False,1919.7,1593.1
2026-03-25T14:52:12.775151,2606:4700:110:8f9b:3cb2:e7f1:6960:e40f:55983,2c0f:fb50:4002:807::200a:443,52892,language_server_windows_x64.exe,False,1919.7,1593.1
2026-03-25T14:52:12.775151,2606:4700:110:8f9b:3cb2:e7f1:6960:e40f:52013,2001:4860:4802:36::223:443,18820,language_server_windows_x64.exe,False,1919.7,1593.1
2026-03-25T14:52:12.775151,127.0.0.1:54520,127.0.0.1:64678,43064,Antigravity.exe,False,1919.7,1593.1
2026-03-25T14:52:12.775151,2606:4700:110:8f9b:3cb2:e7f1:6960:e40f:65033,2c0f:fb50:4002:802::200e:443,11892,chrome.exe,False,1919.7,1593.1
2026-03-25T14:52:12.775151,127.0.0.1:55561,127.0.0.1:59967,19644,language_server_windows_x64.exe,False,1919.7,1593.1
2026-03-25T14:52:12.775151,127.0.0.1:9222,127.0.0.1:60211,40012,chrome.exe,False,1919.7,1593.1
2026-03-25T14:52:12.775151,172.16.0.2:59111,104.26.6.80:443,24388,python.exe,True,1919.7,1593.1
2026-03-25T14:52:12.775151,127.0.0.1:49601,127.0.0.1:61919,44564,Antigravity.exe,False,1919.7,1593.1
2026-03-25T14:52:44.167425,127.0.0.1:58305,127.0.0.1:52640,25836,language_server_windows_x64.exe,False,1923.9,1605.7
2026-03-25T14:52:44.167425,127.0.0.1:56330,127.0.0.1:63406,38616,language_server_windows_x64.exe,False,1923.9,1605.7
2026-03-25T14:52:44.167425,2606:4700:110:8f9b:3cb2:e7f1:6960:e40f:59112,2606:4700:20::681a:750:443,24388,python.exe,True,1923.9,1605.7
2026-03-25T14:52:44.167425,127.0.0.1:63015,127.0.0.1:50619,6316,language_server_windows_x64.exe,False,1923.9,1605.7
2026-03-25T14:52:44.167425,2606:4700:110:8f9b:3cb2:e7f1:6960:e40f:58080,2001:1890:1d02:8c00::d:443,11892,chrome.exe,False,1923.9,1605.7
2026-03-25T14:52:44.167425,2606:4700:110:8f9b:3cb2:e7f1:6960:e40f:59083,2606:4700:20::681a:650:443,24388,python.exe,True,1923.9,1605.7
2026-03-25T14:52:44.167425,127.0.0.1:51278,127.0.0.1:51277,17236,AvastUI.exe,False,1923.9,1605.7
2026-03-25T14:52:44.167425,2606:4700:110:8f9b:3cb2:e7f1:6960:e40f:52013,2001:4860:4802:36::223:443,18820,language_server_windows_x64.exe,False,1923.9,1605.7
2026-03-25T14:52:44.167425,127.0.0.1:54520,127.0.0.1:64678,43064,Antigravity.exe,False,1923.9,1605.7
2026-03-25T14:52:44.167425,2606:4700:110:8f9b:3cb2:e7f1:6960:e40f:65033,2c0f:fb50:4002:802::200e:443,11892,chrome.exe,False,1923.9,1605.7
2026-03-25T14:52:44.167425,127.0.0.1:55561,127.0.0.1:59967,19644,language_server_windows_x64.exe,False,1923.9,1605.7
2026-03-25T14:52:44.167425,127.0.0.1:9222,127.0.0.1:60211,40012,chrome.exe,False,1923.9,1605.7
2026-03-25T14:52:44.167425,172.16.0.2:59111,104.26.6.80:443,24388,python.exe,True,1923.9,1605.7
2026-03-25T14:52:44.167425,127.0.0.1:49601,127.0.0.1:61919,44564,Antigravity.exe,False,1923.9,1605.7
2026-03-25T14:52:44.167425,127.0.0.1:54530,127.0.0.1:55876,33388,Antigravity.exe,False,1923.9,1605.7
2026-03-25T14:53:14.967781,127.0.0.1:58305,127.0.0.1:52640,25836,language_server_windows_x64.exe,False,1931.9,1618.3
2026-03-25T14:53:14.967781,127.0.0.1:56330,127.0.0.1:63406,38616,language_server_windows_x64.exe,False,1931.9,1618.3
2026-03-25T14:53:14.967781,2606:4700:110:8f9b:3cb2:e7f1:6960:e40f:59112,2606:4700:20::681a:750:443,24388,python.exe,True,1931.9,1618.3
2026-03-25T14:53:14.967781,127.0.0.1:63015,127.0.0.1:50619,6316,language_server_windows_x64.exe,False,1931.9,1618.3
2026-03-25T14:53:14.967781,2606:4700:110:8f9b:3cb2:e7f1:6960:e40f:59083,2606:4700:20::681a:650:443,24388,python.exe,True,1931.9,1618.3
2026-03-25T14:53:14.967781,2606:4700:110:8f9b:3cb2:e7f1:6960:e40f:64110,2c0f:fb50:4002:81e::200a:443,6316,language_server_windows_x64.exe,False,1931.9,1618.3
2026-03-25T14:53:14.967781,127.0.0.1:51278,127.0.0.1:51277,17236,AvastUI.exe,False,1931.9,1618.3
2026-03-25T14:53:14.967781,2606:4700:110:8f9b:3cb2:e7f1:6960:e40f:52013,2001:4860:4802:36::223:443,18820,language_server_windows_x64.exe,False,1931.9,1618.3
2026-03-25T14:53:14.967781,127.0.0.1:54520,127.0.0.1:64678,43064,Antigravity.exe,False,1931.9,1618.3
2026-03-25T14:53:14.967781,2606:4700:110:8f9b:3cb2:e7f1:6960:e40f:65033,2c0f:fb50:4002:802::200e:443,11892,chrome.exe,False,1931.9,1618.3
2026-03-25T14:53:14.967781,127.0.0.1:55561,127.0.0.1:59967,19644,language_server_windows_x64.exe,False,1931.9,1618.3
2026-03-25T14:53:14.967781,127.0.0.1:9222,127.0.0.1:60211,40012,chrome.exe,False,1931.9,1618.3
2026-03-25T14:53:14.967781,172.16.0.2:59111,104.26.6.80:443,24388,python.exe,True,1931.9,1618.3
2026-03-25T14:53:14.967781,127.0.0.1:49601,127.0.0.1:61919,44564,Antigravity.exe,False,1931.9,1618.3
2026-03-25T14:53:14.967781,127.0.0.1:54530,127.0.0.1:55876,33388,Antigravity.exe,False,1931.9,1618.3
2026-03-25T14:53:45.910267,127.0.0.1:58305,127.0.0.1:52640,25836,language_server_windows_x64.exe,False,1938.8,1625.5
2026-03-25T14:53:45.910267,127.0.0.1:56330,127.0.0.1:63406,38616,language_server_windows_x64.exe,False,1938.8,1625.5
2026-03-25T14:53:45.910267,2606:4700:110:8f9b:3cb2:e7f1:6960:e40f:59112,2606:4700:20::681a:750:443,24388,python.exe,True,1938.8,1625.5
2026-03-25T14:53:45.910267,127.0.0.1:63015,127.0.0.1:50619,6316,language_server_windows_x64.exe,False,1938.8,1625.5
2026-03-25T14:53:45.910267,2606:4700:110:8f9b:3cb2:e7f1:6960:e40f:59083,2606:4700:20::681a:650:443,24388,python.exe,True,1938.8,1625.5
2026-03-25T14:53:45.910267,2606:4700:110:8f9b:3cb2:e7f1:6960:e40f:64110,2c0f:fb50:4002:81e::200a:443,6316,language_server_windows_x64.exe,False,1938.8,1625.5
2026-03-25T14:53:45.910267,127.0.0.1:51278,127.0.0.1:51277,17236,AvastUI.exe,False,1938.8,1625.5
2026-03-25T14:53:45.910267,2606:4700:110:8f9b:3cb2:e7f1:6960:e40f:52013,2001:4860:4802:36::223:443,18820,language_server_windows_x64.exe,False,1938.8,1625.5
2026-03-25T14:53:45.910267,127.0.0.1:54520,127.0.0.1:64678,43064,Antigravity.exe,False,1938.8,1625.5
2026-03-25T14:53:45.910267,2606:4700:110:8f9b:3cb2:e7f1:6960:e40f:65033,2c0f:fb50:4002:802::200e:443,11892,chrome.exe,False,1938.8,1625.5
2026-03-25T14:53:45.910267,127.0.0.1:55561,127.0.0.1:59967,19644,language_server_windows_x64.exe,False,1938.8,1625.5
2026-03-25T14:53:45.910267,172.16.0.2:65041,2.19.251.131:443,4876,AvastSvc.exe,False,1938.8,1625.5
2026-03-25T14:53:45.910267,127.0.0.1:9222,127.0.0.1:60211,40012,chrome.exe,False,1938.8,1625.5
2026-03-25T14:53:45.910267,172.16.0.2:59111,104.26.6.80:443,24388,python.exe,True,1938.8,1625.5
2026-03-25T14:53:45.910267,127.0.0.1:49601,127.0.0.1:61919,44564,Antigravity.exe,False,1938.8,1625.5
2026-03-25T14:54:19.400759,127.0.0.1:58305,127.0.0.1:52640,25836,language_server_windows_x64.exe,False,1947.5,1627.9
2026-03-25T14:54:19.400759,127.0.0.1:56330,127.0.0.1:63406,38616,language_server_windows_x64.exe,False,1947.5,1627.9
2026-03-25T14:54:19.400759,2606:4700:110:8f9b:3cb2:e7f1:6960:e40f:59112,2606:4700:20::681a:750:443,24388,python.exe,True,1947.5,1627.9
2026-03-25T14:54:19.400759,127.0.0.1:63015,127.0.0.1:50619,6316,language_server_windows_x64.exe,False,1947.5,1627.9
2026-03-25T14:54:19.400759,2606:4700:110:8f9b:3cb2:e7f1:6960:e40f:59083,2606:4700:20::681a:650:443,24388,python.exe,True,1947.5,1627.9
2026-03-25T14:54:19.400759,2606:4700:110:8f9b:3cb2:e7f1:6960:e40f:64110,2c0f:fb50:4002:81e::200a:443,6316,language_server_windows_x64.exe,False,1947.5,1627.9
2026-03-25T14:54:19.400759,127.0.0.1:51278,127.0.0.1:51277,17236,AvastUI.exe,False,1947.5,1627.9
2026-03-25T14:54:19.400759,2606:4700:110:8f9b:3cb2:e7f1:6960:e40f:52013,2001:4860:4802:36::223:443,18820,language_server_windows_x64.exe,False,1947.5,1627.9
2026-03-25T14:54:19.400759,127.0.0.1:54520,127.0.0.1:64678,43064,Antigravity.exe,False,1947.5,1627.9
2026-03-25T14:54:19.400759,2606:4700:110:8f9b:3cb2:e7f1:6960:e40f:65033,2c0f:fb50:4002:802::200e:443,11892,chrome.exe,False,1947.5,1627.9
2026-03-25T14:54:19.400759,127.0.0.1:55561,127.0.0.1:59967,19644,language_server_windows_x64.exe,False,1947.5,1627.9
2026-03-25T14:54:19.400759,172.16.0.2:65041,2.19.251.131:443,4876,AvastSvc.exe,False,1947.5,1627.9
2026-03-25T14:54:19.400759,127.0.0.1:9222,127.0.0.1:60211,40012,chrome.exe,False,1947.5,1627.9
2026-03-25T14:54:19.400759,172.16.0.2:59111,104.26.6.80:443,24388,python.exe,True,1947.5,1627.9
2026-03-25T14:54:19.400759,127.0.0.1:49601,127.0.0.1:61919,44564,Antigravity.exe,False,1947.5,1627.9
2026-03-25T14:54:49.716343,127.0.0.1:58305,127.0.0.1:52640,25836,language_server_windows_x64.exe,False,1955.0,1644.0
2026-03-25T14:54:49.716343,127.0.0.1:56330,127.0.0.1:63406,38616,language_server_windows_x64.exe,False,1955.0,1644.0
2026-03-25T14:54:49.716343,2606:4700:110:8f9b:3cb2:e7f1:6960:e40f:59112,2606:4700:20::681a:750:443,24388,python.exe,True,1955.0,1644.0
2026-03-25T14:54:49.716343,127.0.0.1:63015,127.0.0.1:50619,6316,language_server_windows_x64.exe,False,1955.0,1644.0
2026-03-25T14:54:49.716343,2606:4700:110:8f9b:3cb2:e7f1:6960:e40f:59083,2606:4700:20::681a:650:443,24388,python.exe,True,1955.0,1644.0
2026-03-25T14:54:49.716343,2606:4700:110:8f9b:3cb2:e7f1:6960:e40f:64110,2c0f:fb50:4002:81e::200a:443,6316,language_server_windows_x64.exe,False,1955.0,1644.0
2026-03-25T14:54:49.716343,127.0.0.1:51278,127.0.0.1:51277,17236,AvastUI.exe,False,1955.0,1644.0
2026-03-25T14:54:49.716343,2606:4700:110:8f9b:3cb2:e7f1:6960:e40f:52013,2001:4860:4802:36::223:443,18820,language_server_windows_x64.exe,False,1955.0,1644.0
2026-03-25T14:54:49.716343,127.0.0.1:54520,127.0.0.1:64678,43064,Antigravity.exe,False,1955.0,1644.0
2026-03-25T14:54:49.716343,2606:4700:110:8f9b:3cb2:e7f1:6960:e40f:65033,2c0f:fb50:4002:802::200e:443,11892,chrome.exe,False,1955.0,1644.0
2026-03-25T14:54:49.716343,127.0.0.1:55561,127.0.0.1:59967,19644,language_server_windows_x64.exe,False,1955.0,1644.0
2026-03-25T14:54:49.716343,172.16.0.2:65041,2.19.251.131:443,4876,AvastSvc.exe,False,1955.0,1644.0
2026-03-25T14:54:49.716343,127.0.0.1:9222,127.0.0.1:60211,40012,chrome.exe,False,1955.0,1644.0
2026-03-25T14:54:49.716343,172.16.0.2:59111,104.26.6.80:443,24388,python.exe,True,1955.0,1644.0
2026-03-25T14:54:49.716343,127.0.0.1:49601,127.0.0.1:61919,44564,Antigravity.exe,False,1955.0,1644.0
2026-03-25T14:55:20.530254,127.0.0.1:58305,127.0.0.1:52640,25836,language_server_windows_x64.exe,False,1963.6,1646.5
2026-03-25T14:55:20.530254,127.0.0.1:56330,127.0.0.1:63406,38616,language_server_windows_x64.exe,False,1963.6,1646.5
2026-03-25T14:55:20.530254,2606:4700:110:8f9b:3cb2:e7f1:6960:e40f:59112,2606:4700:20::681a:750:443,24388,python.exe,True,1963.6,1646.5
2026-03-25T14:55:20.530254,127.0.0.1:63015,127.0.0.1:50619,6316,language_server_windows_x64.exe,False,1963.6,1646.5
2026-03-25T14:55:20.530254,2606:4700:110:8f9b:3cb2:e7f1:6960:e40f:59083,2606:4700:20::681a:650:443,24388,python.exe,True,1963.6,1646.5
2026-03-25T14:55:20.530254,2606:4700:110:8f9b:3cb2:e7f1:6960:e40f:64110,2c0f:fb50:4002:81e::200a:443,6316,language_server_windows_x64.exe,False,1963.6,1646.5
2026-03-25T14:55:20.530254,127.0.0.1:51278,127.0.0.1:51277,17236,AvastUI.exe,False,1963.6,1646.5
2026-03-25T14:55:20.530254,2606:4700:110:8f9b:3cb2:e7f1:6960:e40f:52013,2001:4860:4802:36::223:443,18820,language_server_windows_x64.exe,False,1963.6,1646.5
2026-03-25T14:55:20.530254,127.0.0.1:54520,127.0.0.1:64678,43064,Antigravity.exe,False,1963.6,1646.5
2026-03-25T14:55:20.530254,2606:4700:110:8f9b:3cb2:e7f1:6960:e40f:65033,2c0f:fb50:4002:802::200e:443,11892,chrome.exe,False,1963.6,1646.5
2026-03-25T14:55:20.530254,127.0.0.1:55561,127.0.0.1:59967,19644,language_server_windows_x64.exe,False,1963.6,1646.5
2026-03-25T14:55:20.530254,172.16.0.2:65041,2.19.251.131:443,4876,AvastSvc.exe,False,1963.6,1646.5
2026-03-25T14:55:20.530254,127.0.0.1:9222,127.0.0.1:60211,40012,chrome.exe,False,1963.6,1646.5
2026-03-25T14:55:20.530254,172.16.0.2:59111,104.26.6.80:443,24388,python.exe,True,1963.6,1646.5
2026-03-25T14:55:20.530254,127.0.0.1:49601,127.0.0.1:61919,44564,Antigravity.exe,False,1963.6,1646.5
2026-03-25T14:55:51.565712,127.0.0.1:58305,127.0.0.1:52640,25836,language_server_windows_x64.exe,False,1978.0,1651.0
2026-03-25T14:55:51.565712,127.0.0.1:56330,127.0.0.1:63406,38616,language_server_windows_x64.exe,False,1978.0,1651.0
2026-03-25T14:55:51.565712,2606:4700:110:8f9b:3cb2:e7f1:6960:e40f:59112,2606:4700:20::681a:750:443,24388,python.exe,True,1978.0,1651.0
2026-03-25T14:55:51.565712,127.0.0.1:63015,127.0.0.1:50619,6316,language_server_windows_x64.exe,False,1978.0,1651.0
2026-03-25T14:55:51.565712,2606:4700:110:8f9b:3cb2:e7f1:6960:e40f:59083,2606:4700:20::681a:650:443,24388,python.exe,True,1978.0,1651.0
2026-03-25T14:55:51.565712,2606:4700:110:8f9b:3cb2:e7f1:6960:e40f:64110,2c0f:fb50:4002:81e::200a:443,6316,language_server_windows_x64.exe,False,1978.0,1651.0
2026-03-25T14:55:51.565712,127.0.0.1:51278,127.0.0.1:51277,17236,AvastUI.exe,False,1978.0,1651.0
2026-03-25T14:55:51.565712,2606:4700:110:8f9b:3cb2:e7f1:6960:e40f:52013,2001:4860:4802:36::223:443,18820,language_server_windows_x64.exe,False,1978.0,1651.0
2026-03-25T14:55:51.565712,127.0.0.1:54520,127.0.0.1:64678,43064,Antigravity.exe,False,1978.0,1651.0
2026-03-25T14:55:51.565712,2606:4700:110:8f9b:3cb2:e7f1:6960:e40f:65033,2c0f:fb50:4002:802::200e:443,11892,chrome.exe,False,1978.0,1651.0
2026-03-25T14:55:51.565712,127.0.0.1:55561,127.0.0.1:59967,19644,language_server_windows_x64.exe,False,1978.0,1651.0
2026-03-25T14:55:51.565712,172.16.0.2:65041,2.19.251.131:443,4876,AvastSvc.exe,False,1978.0,1651.0
2026-03-25T14:55:51.565712,127.0.0.1:9222,127.0.0.1:60211,40012,chrome.exe,False,1978.0,1651.0
2026-03-25T14:55:51.565712,172.16.0.2:59111,104.26.6.80:443,24388,python.exe,True,1978.0,1651.0
2026-03-25T14:55:51.565712,127.0.0.1:49601,127.0.0.1:61919,44564,Antigravity.exe,False,1978.0,1651.0
